file_id,aritfact_id,slug,img_key,document_type,is_journal_article,reason,is_csis
1392676,421738,getting-into-the-game,artifacts/artifact/img/9030e9a5-e239-429d-baff-b6688b10a8da.jpg,"",false,error: Expecting value: line 1 column 1 (char 0),false
1392677,421715,protecting-and-supporting-internally-displaced-children-in-urban-settings,artifacts/artifact/img/68d32d68-10c6-4215-be95-6f699694a04b.jpg,"",false,error: Expecting value: line 1 column 1 (char 0),false
1394148,423136,bahrains-fragility-and-security-sector-procurement,artifacts/artifact/img/447fb4a9-b7b9-45c8-bb06-1b9c34cc2f5d.jpg,"",false,error: Expecting value: line 1 column 1 (char 0),false
1401402,430348,assuring-taiwans-innovation-future,artifacts/artifact/img/2017e3eb-b002-4a38-a553-e6ec11cacf4f.jpg,"",false,error: Expecting value: line 1 column 1 (char 0),false
1401427,430375,the-global-expansion-of-ai-surveillance,artifacts/artifact/img/241a5077-8d37-4b83-80a2-967a4b826ac2.jpg,"",false,error: Expecting value: line 1 column 1 (char 0),false
2,2350,the-impacts-of-the-pandemic-on-the-yanomami-indigenous-territory,artifacts/artifact/img/bb198015-b37f-4668-8fa7-cee9c29039bf.jpgitokfra3hwgu,report,false,"Cover image with title and hashtags, lacks academic formatting",false
813003,212617,5f-mdmb-pinaca,artifacts/artifact/img/a9b6b54b-ad0b-48fc-bf2e-9dae5ed6e93f,report,false,Contains organizational logos and report-style formatting,false
818283,214413,next-generation-metrics,artifacts/artifact/img/236d7c11-52e9-431d-9e9a-31e10aa85749,report,false,"Cover page with title and institutional logo, typical of reports",false
832355,217484,review-of-case-studies-on-the-human-and-environmental-risk-assessment-of-chemical-mixtures,artifacts/artifact/img/3cbf8007-5b56-4d53-a7a9-d917ec4c11ea,technical report,false,"Labeled as a technical report, not a journal article",false
850285,219562,mediterranean-habitat-loss-under-rcp45-and-rcp85-climate-change-projections,artifacts/artifact/img/fe7c1b49-fb3a-4386-9010-009fad701221,technical report,false,"Labeled as a technical report, not a journal article",false
861679,224130,the-impact-of-schemes-revealed-by-the-panama-papers-on-the-economy-and-finances-of-a-sample-of-member-states,artifacts/artifact/img/18282e0a-1d57-42e5-81e1-c40b0913eb1c,report,false,Title and layout suggest a formal report or study.,false
907530,232806,4f-ibf,artifacts/artifact/img/1bd5c787-8d5f-429c-80ed-65199f3ac72e,report,false,Contains organizational logos and report-style formatting,false
908348,233026,sailing-through-the-storms-towards-treasure-island,artifacts/artifact/img/95f5e7e6-ae5b-4cf0-8b4c-db878ecba240,technical report,false,"Labeled as JRC Technical Reports, not a journal article",false
920597,234365,sharing-knowledge-about-vocational-education-and-training,artifacts/artifact/img/2e19520a-f03b-49ee-9882-bbb97320bb53,report,false,Cover design and title suggest a report format,false
921690,234787,the-unofficial-guide-for-authors-or-how-to-produce-research-articles-worth-citing,artifacts/file/img/b41df6ab-4385-4c96-9144-0c4f0f3c8eb3.png,guidebook,false,"Cover indicates it's a guide for authors, not a journal article",false
1006199,252220,impact-evaluation-of-biomass-used-in-small-combustion-activities-sector-on-air-emissions,artifacts/artifact/img/1187f601-7244-459a-b106-f3b1c5e625a0,technical report,false,"Labeled as a technical report, not a journal article",false
1006309,252230,nanoreg-framework-for-the-safety-assessment-of-nanomaterials,artifacts/artifact/img/5ed0624b-3ac5-456e-89f4-d7ad09d5542d,policy report,false,Labeled as a science for policy report,false
1007657,252515,safety-and-health-in-micro-and-small-enterprises-in-the-eu,artifacts/artifact/img/b0fd293f-2176-4d6c-b042-d85bd38da500,report,false,Cover page of a report with institutional branding,false
1008103,252580,forest-fire-danger-extremes-in-europe-under-climate-change,artifacts/artifact/img/bacc57e8-d77a-409b-ac58-c6743d710484,technical report,false,"Labeled as a technical report, not a journal article",false
1009414,252767,low-carbon-process-industries-through-energy-efficiency-and-carbon-dioxide-utilisation,artifacts/artifact/img/06b99a3d-5168-4d75-89f8-3d0be6192977,report,false,"Title suggests a study or report, not academic formatting",false
1012181,253407,gender-gap-in-pensions,artifacts/artifact/img/9e04c826-91e5-45a8-9fa1-657f5cf29760,report,false,"Contains title and institutional affiliation, lacks academic formatting",false
1020119,256376,adb-chminaca,artifacts/artifact/img/50ee43fe-929a-41f3-90a5-611013c0db3f,report,false,Contains organizational logos and report-style formatting,false
1024150,257625,member-states-preparedness-for-cbrn-threats,artifacts/artifact/img/4322f3c3-d969-4e71-8315-feca1e7e4636,study report,false,Labeled as a study for a committee,false
1024209,257631,the-new-role-of-public-libraries-in-local-communities,artifacts/artifact/img/90049466-1af8-4aa5-a533-325519ae715c,study report,false,Title indicates a study report for a committee,false
1024936,257744,report-on-equality-between-women-and-men-in-the-eu-2018,artifacts/artifact/img/8c80452c-3a73-4b80-b2c9-6ae145b20e8b,report,false,Titled '2018 Report on equality between women and men in the EU',false
1029664,259019,data-infrastructures-in-support-of-macro-regional-development,artifacts/artifact/img/129a43e5-0866-4166-b4ae-7cd61c65c508,policy report,false,Labeled as a science for policy report,false
1035737,261082,corruption-in-the-european-union,artifacts/artifact/img/d9fab655-575d-4016-9dbf-1f15ffa05c01,study report,false,"Title and layout suggest a study report, not academic formatting",false
1035738,261082,corruption-in-the-european-union,artifacts/artifact/img/d9fab655-575d-4016-9dbf-1f15ffa05c01,study report,false,"Title and layout suggest a study report, not a journal article",false
1036795,261212,the-missing-entrepreneurs-2017,artifacts/artifact/img/0ed86f69-02da-4383-9b22-7c93dba30ccb,report,false,Cover indicates a report by OECD and EU.,false
1036827,261212,the-missing-entrepreneurs-2017,artifacts/artifact/img/0ed86f69-02da-4383-9b22-7c93dba30ccb,report,false,Cover indicates a report by OECD and EU.,false
1037335,261270,identifying-challenges-in-disaster-risk-reduction,artifacts/artifact/img/6c9f4f71-ce9b-42a2-930d-62d9e2f93911,technical report,false,"Labeled as a technical report, not a journal article",false
1039707,261635,should-we-fear-artificial-intelligence,artifacts/artifact/img/62287f53-1882-45c8-97e4-5d4ade224b27,report,false,"Labeled as in-depth analysis, not academic journal format",false
1039718,261635,should-we-fear-artificial-intelligence,artifacts/artifact/img/62287f53-1882-45c8-97e4-5d4ade224b27,in-depth analysis report,false,"Labeled as in-depth analysis, not academic journal format",false
1039772,261635,should-we-fear-artificial-intelligence,artifacts/artifact/img/62287f53-1882-45c8-97e4-5d4ade224b27,in-depth analysis report,false,Cover indicates it's an in-depth analysis report.,false
1040915,261927,2018-drought-and-water-crisis-in-southern-africa,artifacts/artifact/img/477794ea-5588-4e51-a09f-1a4288fdde77,technical report,false,"Labeled as JRC Technical Report, not a journal article",false
1040949,261926,adb-chminaca,artifacts/artifact/img/780c2c3b-29ad-4d66-a524-2afd9d6b0e08,risk assessment report,false,"Titled as a risk assessment report, not an academic article",false
1041971,262133,carfentanil,artifacts/artifact/img/805ce86b-96e6-454f-84c8-d2405d8decb4,report,false,Labeled as a joint report by EMCDDA and Europol,false
1043844,262481,the-future-of-syrian-christians-after-the-arab-spring,artifacts/artifact/img/1b35f156-d80d-4d83-bd06-91af9f9afa3a,report,false,Contains institutional logos and report-style layout,false
1043987,262532,coordinating-monetary-and-financial-regulatory-policies,artifacts/artifact/img/1a7e5b87-e578-45a8-aa5f-1a1080f1c9ed,working paper,false,Labeled as 'Working Paper Series' on cover,false
1044629,262671,new-psychoactive-substances-in-prison,artifacts/artifact/img/5a68bcac-6bb2-4bfa-be61-8e784fe7aab2,report,false,"Title, organization, and study results indicate a report format",false
1045570,262840,revised-black-sea-ecosystem-model,artifacts/artifact/img/d95753b1-5dc3-438d-b31d-f802f495ae1b,technical report,false,"Labeled as JRC Technical Report, not a journal article",false
1047231,263187,many-more-to-come,artifacts/artifact/img/4dcc740b-0776-4c33-bd85-cc5cca17dc86,report,false,Cover page with title and organizational logo,false
1057561,264887,mercury-in-europes-environment,artifacts/artifact/img/1993caad-87bb-44de-adb9-ef40479c32ad,report,false,Cover suggests a report by European Environment Agency,false
1061843,266157,a-statistical-analysis-of-the-relationship-between-landscape-heterogeneity-and-the-quantization-of-remote-sensing-data,artifacts/artifact/img/0ca403fe-1621-45d3-b911-8746933cf6d9,technical report,false,"Labeled as JRC Technical Reports, not a journal article",false
1062018,266210,analysis-of-the-european-rd-priorities-in-cybersecurity,artifacts/artifact/img/edc9d864-6eed-41a3-98d4-6b981322cf33,report,false,Cover page indicates a report by a European agency,false
1062031,266208,the-role-of-education-in-promoting-positive-attitudes-towards-migrants-at-times-of-stress,artifacts/artifact/img/68aa79d9-a2e9-4a74-aff6-2a7259fcb8e1,policy report,false,"Labeled as a policy report, not academic formatting",false
1062062,266249,reviews-of-scientific-evidence-and-policies-on-nutrition-and-physical-activity,artifacts/artifact/img/52f025b7-bfd5-4598-82fa-b2116f03a727,report,false,"Title suggests a comprehensive review, not an academic journal article",false
1062077,266227,reviews-of-scientific-evidence-and-policies-on-nutrition-and-physical-activity,artifacts/artifact/img/2f285fb2-5678-4e04-af60-b4a31c99d841,report,false,Title and format suggest a governmental or organizational report,false
1062081,266239,reviews-of-scientific-evidence-and-policies-on-nutrition-and-physical-activity,artifacts/artifact/img/5956a0c8-fd31-4beb-a471-2f37f418e39d,report,false,Title and format suggest a governmental or organizational report,false
1062087,266230,policies-and-interventions-to-improve-the-nutritional-intake-and-physical-activity-levels-of-europeans,artifacts/artifact/img/7ff4c1a4-85ca-4786-b512-9e256e837b5b,report,false,Titled 'Summary Report' with organizational branding,false
1062131,266237,nutrition-and-physical-activity-guidelines-for-different-populations,artifacts/artifact/img/0cf4c5b1-bd41-4d22-af3f-3fdd18d53410,report,false,"Labeled as a summary report, not academic formatting",false
1062208,266263,reviews-of-scientific-evidence-and-policies-on-nutrition-and-physical-activity,artifacts/artifact/img/60f65020-2244-42cd-b55a-71f275ab5c68,report,false,Title and layout suggest a governmental or organizational report,false
1062211,266264,calorie-consumption-and-physical-activity-engagement,artifacts/artifact/img/a11cd3f0-d25e-4766-9b1e-6ad4da7d76d6,report,false,"Labeled as a summary report, not academic formatting",false
1062229,266285,behaviours-contributing-to-positive-energy-balance,artifacts/artifact/img/84f28ecc-9e8f-4e7b-b62c-9941f8969ac6,report,false,Titled 'Summary Report' with no journal article features,false
1062278,266288,estimation-of-domestic-and-industrial-waste-emissions-to-european-waters-in-the-2010s,artifacts/artifact/img/b881872a-5439-4ea3-9d64-d6a548fc05f5,technical report,false,Labeled as a technical report by JRC.,false
1062417,266321,hivaids-surveillance-in-europe-2018,artifacts/artifact/img/f6b16162-3bf8-46e4-b538-e148e3309bb5,report,false,Contains organizational logos and report title,false
1064144,266568,modelacion-del-frijol-en-latinoamerica,artifacts/artifact/img/3b844c9b-098f-4bf5-8a95-9c6b41c7cb22,technical report,false,"Labeled as a technical report, not a journal article",false
1065428,266834,fisheries-and-aquaculture,artifacts/artifact/img/275bf8e7-d908-4a35-b1ea-d85a5400a442,report,false,Cover page of a report by the European Commission,false
1066554,267053,thf-f,artifacts/artifact/img/397247fa-3814-4d91-bf96-7eb8bafb762c,risk assessment report,false,"Titled as a risk assessment report, not academic formatting",false
1068457,268097,community-pre-release-of-ghs-data-package-ghs-cr2018-in-support-to-the-geo-human-planet-initiative,artifacts/artifact/img/7185388b-fd1e-481e-8b8f-ada5e8a3a55c,technical report,false,Labeled as a technical report by JRC,false
1068804,268133,fruit-juices-sugar-sweetened-beverages-and-artificially-sweetened-beverages,artifacts/artifact/img/f7e984d1-7876-4bf8-bc2f-fb870bf2d834,report,false,Labeled as a summary report with institutional branding,false
1068869,268143,reviews-of-scientific-evidence-and-policies-on-nutrition-and-physical-activity,artifacts/artifact/img/fd4f026d-bbba-4a40-9dd6-16028aa2b512,report,false,Title suggests a report on scientific evidence and policies,false
1068918,268152,reviews-of-scientific-evidence-and-policies-on-nutrition-and-physical-activity,artifacts/artifact/img/718fee34-13fc-4cd6-b679-dad2773e6813,report,false,Title and layout suggest a formal report or policy document,false
1069160,268171,consumption-and-impact-of-high-fructose-syrups,artifacts/artifact/img/2f525958-5e88-433c-935c-db2ed06d9e95,summary report,false,"Labeled as a summary report, lacks journal article structure",false
1069209,268164,early-warning-indicators-of-obesity-and-physical-inactivity-trends,artifacts/artifact/img/ed3d0fd6-015f-447c-8e1e-510cbec80d87,report,false,"Contains title and organizational logos, typical of a report",false
1069346,268182,protection-of-workers-from-exposure-to-carcinogens-or-mutagens,artifacts/artifact/img/155f5979-1779-49c7-b335-6d508bb5baa9,study report,false,Titled as a study report by a parliamentary service,false
1071380,268432,policy-brief-on-incubators-and-accelerators-that-support-inclusive-entrepreneurship,artifacts/artifact/img/029d07d4-25b4-4f92-94d3-f9607dbcb790,policy brief,false,"Titled as a policy brief, not academic formatting",false
1071387,268432,policy-brief-on-incubators-and-accelerators-that-support-inclusive-entrepreneurship,artifacts/artifact/img/029d07d4-25b4-4f92-94d3-f9607dbcb790,policy brief,false,"Titled as a policy brief, not academic formatting",false
1071406,268432,policy-brief-on-incubators-and-accelerators-that-support-inclusive-entrepreneurship,artifacts/artifact/img/029d07d4-25b4-4f92-94d3-f9607dbcb790,policy brief,false,"Titled as a policy brief, not academic formatting",false
1071496,268458,effect-of-electromobility-on-the-power-system-and-the-integration-of-res,artifacts/artifact/img/eb6878a8-849d-48ad-a7c9-5ce78cd2e72e,report,false,"Titled as a report, lacks academic formatting",false
1071854,268517,regulating-disinformation-with-artificial-intelligence,artifacts/artifact/img/e61ffd35-e870-40ba-9093-fa984f4d6eda,study report,false,Labeled as a study by a research service,false
1072094,268569,european-innovation-scoreboard-2019,artifacts/artifact/img/5907dddf-277c-4799-bfea-3a29335b746a,report,false,Cover indicates a report by the European Commission.,false
1072257,268610,quality-of-public-administration,artifacts/artifact/img/7614b9c0-e218-4e2e-9588-341cd37d3c09,report,false,Title suggests a toolbox or guide for practitioners,false
1072435,268643,supply-chain-of-renewable-energy-technologies-in-europe,artifacts/artifact/img/50ce755a-23f4-4117-9e7b-4d93400825df,policy report,false,"Labeled as a policy report, not academic formatting",false
1072505,268652,current-challenges-in-fostering-the-european-innovation-ecosystem,artifacts/artifact/img/ef69a966-fcf7-4d2f-9b6f-96a601b68201,policy report,false,Labeled as a science for policy report.,false
1076747,269372,behavioural-study-on-advertising-and-marketing-practices-in-online-social-media,artifacts/artifact/img/253a7dae-c150-4789-aaf8-bcda66243a83,report,false,"Title and format suggest a report, not an academic article",false
1078153,269611,food-waste-accounting,artifacts/artifact/img/32887677-3338-4e41-bc40-3a5432ed819a,technical report,false,"Labeled as a technical report, not a journal article",false
1078908,269779,identification-of-informative-content-needs-supporting-rapid-risk-assessment-of-acute-public-health-events-icn-rra,artifacts/artifact/img/8d109bba-6463-4bce-aa32-d7fea48c9920,technical report,false,"Labeled as JRC Technical Reports, not academic journal format",false
1083385,271147,the-state-of-university-business-cooperation-in-europe,artifacts/artifact/img/3924c047-1e86-44f3-9d44-cc55df3a6d4c,report,false,Cover indicates a report with a specific title and organization.,false
1085073,271436,the-european-food-risk-assessment-fellowship-programme,artifacts/artifact/img/927267bc-450f-4daf-bae3-ef3c420d3b5e,report,false,"Title suggests a program report, not academic formatting",false
1085795,271580,improving-european-rail-freight,artifacts/artifact/img/4c4f7958-97e7-491f-bfc9-ed6e6a6474e2,policy brief,false,Labeled as 'Policy Brief' on the cover,false
1087429,271833,european-research-area-progress-report-2018,artifacts/artifact/img/a9a2e54c-d5e6-46c9-801d-afcf4f6d419f,report,false,"Titled 'Progress Report 2018', not academic formatting",false
1087520,271857,european-research-area-progress-report-2018,artifacts/artifact/img/20bf6aaf-e752-4237-b6de-47728e4827de,report,false,Titled as a progress report with country profile,false
1087535,271885,european-research-area-progress-report-2018,artifacts/artifact/img/39a77fe7-bb30-4cc1-ae07-c1da0137e294,progress report,false,"Titled 'Progress Report 2018', not academic formatting",false
1087539,271864,european-research-area-progress-report-2018,artifacts/artifact/img/3b711481-fc37-4076-b640-a3ed4cd70b7b,report,false,Titled as a progress report with country profile,false
1087574,271896,european-research-area-progress-report-2018,artifacts/artifact/img/d4a76f70-6340-447e-80ef-957fd92bd41e,progress report,false,Titled as a progress report for a country profile,false
1087575,271880,european-research-area-progress-report-2018,artifacts/artifact/img/ba6b6567-3566-4f7f-83c3-cd4a45c9bac6,report,false,"Titled 'Progress Report 2018', not academic formatting",false
1087585,271888,european-research-area-progress-report-2018,artifacts/artifact/img/e32aac6f-46b4-4494-818f-cd6d4587d446,report,false,Titled as a progress report with a country profile,false
1087896,271977,why-do-countries-export-fakes,artifacts/artifact/img/88e28015-2959-4c67-b167-854f5404cc57,report,false,Cover page of a report with organizational logos,false
1089457,272307,ecdcefsaema-second-joint-report-on-the-integrated-analysis-of-the-consumption-of-antimicrobial-agents-and-occurrence-of-antimicrobial-resistance-in-bacteria-from-humans-and-food-producing-animals,artifacts/artifact/img/0ce8e9b9-9a0b-4454-b469-0a570faf851b,report,false,"Labeled as a report, lacks journal article structure",false
1090618,272527,analysis-of-the-state-of-the-art-barriers-needs-and-opportunities-for-setting-up-a-transport-research-cloud,artifacts/artifact/img/013c5ef7-fe1f-4751-b2d9-4d0bc816cad5,report,false,"Labeled as 'Studies and Reports', lacks journal article features",false
1090966,272614,effects-of-overweight-obesity-andor-inadequate-physical-activity-on-school-and-work-performance,artifacts/artifact/img/97ae4ff1-5f7d-436b-a602-457d0294d489,summary report,false,"Labeled as a summary report, lacks journal article features",false
1093340,273121,analysis-of-material-efficiency-aspects-of-personal-computers-product-group,artifacts/artifact/img/79631187-467d-4f71-bcde-4c41005f1c53,technical report,false,"Labeled as JRC Technical Reports, not academic journal format",false
1093521,273170,statute-for-social-and-solidarity-based-enterprises,artifacts/artifact/img/f0656a60-2af6-495d-9c88-1239a71e6b5c,report,false,Contains legislative report details and European Parliament reference,false
1093681,273202,sustainable-forest-management-in-regions,artifacts/artifact/img/ff4e8f1e-a97d-4f50-835a-ddeb4c36df6f,report,false,Cover design and title suggest a report format,false
1096054,273632,banks-maturity-transformation,artifacts/artifact/img/96b2983a-4211-41f5-bf03-8ea76e44dfd4,working paper,false,Labeled as 'Working Paper Series' on cover,false
1100143,274406,workshop-on-identification-of-future-emerging-technologies-in-the-ocean-energy-sector,artifacts/artifact/img/f8bf88fe-24f0-4209-b7f2-8e88c9602df0,conference report,false,Labeled as conference and workshop report,false
1100510,274444,fossil-co2-emissions-of-all-world-countries,artifacts/artifact/img/1f6adc51-5974-4ecf-97c7-e0c044cd7897,report,false,"Labeled as a policy report, not an academic journal.",false
1100766,274498,guidebook-how-to-develop-a-sustainable-energy-and-climate-action-plan-secap,artifacts/artifact/img/b5657427-612e-4db1-b8db-55fec04b56de,policy report,false,"Labeled as a policy report, not an academic journal article",false
1103624,274949,ecdc-country-preparedness-activities,artifacts/artifact/img/026d2ff5-5383-4983-9e98-a272d7ed3f4e,technical report,false,Labeled as a technical report on the cover,false
1103682,274971,detecting-spatial-pattern-of-inequalities-from-remote-sensing,artifacts/artifact/img/664bdb28-61c6-4949-8dd7-b090f81f24c8,technical report,false,"Labeled as JRC Technical Reports, not a journal article",false
1104654,275208,study-on-emerging-issues-of-data-ownership-interoperability-re-usability-and-access-to-data-and-liability,artifacts/artifact/img/401943a3-253c-4153-ad42-a770511a324b,report,false,"Contains title and organizational logos, typical of a report",false
1107324,275803,sustainable-public-procurement-of-food,artifacts/artifact/img/d2842195-ff51-4b06-b645-5661b0c9889e,report,false,Cover indicates a report on public procurement of food,false
1109083,276261,quantification-of-the-effects-of-legal-and-administrative-border-obstacles-in-land-border-regions,artifacts/artifact/img/8bf1ac01-b330-4ce3-b860-966af072fa67,report,false,"Contains title and institutional logos, typical of a report",false
1109789,276427,target-im-balances,artifacts/artifact/img/965f3acc-098f-4bf1-90b5-8002b31f05cf,policy document,false,Labeled as a policy department document,false
1110741,276652,pathways-to-sustainable-industries,artifacts/artifact/img/cacebc09-9b7e-45c1-b6bd-6d91938e0d18,report,false,Cover indicates a report on sustainable industries.,false
1112846,277076,enhancing-eu-actions-on-economic-social-and-cultural-rights-within-its-human-rights-policy,artifacts/artifact/img/807e6090-da3b-4efd-867b-663337800ed9,policy report,false,"Title and format suggest a policy report, not an academic article",false
1113162,277131,pregled-obrazovanja-i-osposobljavanja-za-2018,artifacts/artifact/img/9ba5e1c2-1909-4602-846b-365649e833af,report,false,Contains official logo and report-style cover design,false
1113293,277169,monitor-edukacji-i-ksztacenia-2018,artifacts/artifact/img/96899952-58fa-48cb-b667-9f7e5e06a22e,report,false,Contains official logos and report-like title,false
1113334,277183,2018,artifacts/artifact/img/e7611f6a-b22f-4804-8a88-7ee9520f0a0f,report,false,Contains official logos and appears to be a formal report,false
1113399,277192,oktatasi-es-kepzesi-figyelo-2018,artifacts/artifact/img/7b3d3074-beef-43e6-abfb-6fb41cb459c4,report,false,Cover features institutional logo and report-like design,false
1116071,277597,light-duty-vehicle-co2-emission-reduction-cost-curves-and-cost-assessment,artifacts/artifact/img/73024150-7da3-42b0-8933-d5254ecbe94f,policy report,false,Labeled as a policy report by JRC Science.,false
1121774,279087,assessing-the-risks-to-health-from-air-pollution,artifacts/artifact/img/203dfccf-00cc-43cd-9dd5-cf45ad10e2a2,report,false,"Published by agency, focuses on health risks from air pollution",false
1122067,279175,review-of-scientific-evidence-and-policies-on-nutrition-and-physical-activity,artifacts/artifact/img/60e321e2-0999-4b4f-9dfd-e24cd0eb4970,report,false,"Title suggests a comprehensive review, not an academic article.",false
1122105,279193,eurosurveillance,artifacts/artifact/img/87e604d8-a366-40ab-bb4a-a08c3f2c282a,journal article,true,Contains journal title and academic formatting,false
1123800,279584,mainstreaming-res,artifacts/artifact/img/82359f92-ab74-490a-802f-1ac64fe4cd4a,report,false,"Contains title and institutional branding, lacks academic formatting",false
1124586,279723,the-european-union-summary-report-on-antimicrobial-resistance-in-zoonotic-and-indicator-bacteria-from-humans-animals-and-food-in-2017,artifacts/artifact/img/3d0e0b97-7322-4e12-ac51-fca1c2502188,report,false,Title indicates a summary report by a European agency,false
1127440,280478,european-business-cycle-indicators,artifacts/artifact/img/bad1a40f-2e06-4dd9-ba09-74661ec006b8,technical report,false,"Labeled as a technical report, not academic formatting",false
1127646,280526,analysis-of-adjacency-effects-for-copernicus-ocean-colour-missions,artifacts/artifact/img/30b1ec5a-1591-4285-aefd-bbfa537ee44d,technical report,false,"Labeled as a technical report, not a journal article",false
1128628,280760,human-settlements-in-low-lying-coastal-zones-and-rugged-terrain,artifacts/artifact/img/5b141bbb-4355-4f29-aa3e-3fa54cee9f01,technical report,false,"Labeled as a technical report, not a journal article",false
1130266,281105,global-trends-of-methane-emissions-and-their-impacts-on-ozone-concentrations,artifacts/artifact/img/541575f3-3128-44d8-8a96-5d72a1271144,policy report,false,Labeled as a science for policy report.,false
1131376,281399,reviews-of-scientific-evidence-and-policies-on-nutrition-and-physical-activity,artifacts/artifact/img/bf2a0679-4401-4f4b-9d0c-da8a70311756,report,false,Title and layout suggest a governmental or organizational report,false
1131438,281417,waste-prevention-in-europe,artifacts/artifact/img/9aaa8910-c85d-4fb3-8a3b-17aaae44faf1,report,false,Cover indicates it's a report by European Environment Agency.,false
1131586,281452,sensitivity-analysis-of-the-sherpa-air-quality-model,artifacts/artifact/img/c341017a-3b68-4216-ba55-f56df2da367b,policy report,false,Labeled as a science for policy report,false
1132260,281702,pregled-izobrazevanja-in-usposabljanja-2018,artifacts/artifact/img/0d165c80-2329-4d21-b60a-ab4bd77e410c,report,false,Contains official logos and appears to be a governmental report,false
1132570,281771,the-potential-role-of-h2-production-in-a-sustainable-future-power-system,artifacts/artifact/img/94e7f526-ebca-45ae-a6f5-aa3dd71a3e0a,technical report,false,Labeled as a technical report by JRC.,false
1132745,281834,report-of-the-high-level-expert-group-on-the-impact-of-the-digital-transformation-on-eu-labour-markets,artifacts/artifact/img/3d591dc1-f6ef-4b6c-85be-7d29fc0e049e,report,false,Contains institutional logo and report-style cover design,false
1132754,281845,positive-parenting-interventions,artifacts/artifact/img/67161919-05cc-49c9-bdc4-836dae64bb94,report,false,Cover design and title suggest a report or guide.,false
1132766,281842,social-enterprises-and-their-ecosystems-in-europe,artifacts/artifact/img/747e053d-273e-4ff5-9cf6-ae3d42ae94b3,report,false,Cover page of a report with a title and logo,false
1132807,281880,social-enterprises-and-their-ecosystems-in-europe,artifacts/artifact/img/3c2844e5-d84d-4930-8333-5e8d45daca40,report,false,"Contains title and organization logo, typical of a report",false
1134269,282223,methods-for-developing-the-fishing-effort-regime-for-demersal-fisheries-in-western-mediterranean-sea,artifacts/artifact/img/bd46fa5e-ec7a-4ff3-bd53-3142ce719538,report,false,"Labeled as a policy report, not an academic journal article",false
1134453,282301,ghsl-data-package-2019,artifacts/artifact/img/e192fa00-0ee7-4fef-bea2-b9c9ccb30d18,technical report,false,"Labeled as a technical report, not a journal article",false
1135350,282516,the-2017-european-union-report-on-pesticide-residues-in-food,artifacts/artifact/img/8e8e5ff1-be1a-411e-8dc1-b035dfea8956,report,false,Titled as a report on pesticide residues,false
1136788,282895,impact-assessment-study-on-societal-benefits-of-arctic-observing-systems,artifacts/artifact/img/4c5c35b7-8294-4fa1-af2b-a4193540ec6c,report,false,Labeled as a science for policy report,false
1138544,283404,the-exception-for-text-and-data-mining-tdm-in-the-proposed-directive-on-copyright-in-the-digital-single-market,artifacts/artifact/img/a1a42981-c584-4be2-bc89-3bf14bb88f03,briefing document,false,"Contains briefing title and summary, lacks academic formatting",false
1138712,283434,towards-a-mission-oriented-research-and-innovation-policy-in-the-european-union,artifacts/artifact/img/a7b87441-4041-4632-a4d9-7547b60a6d4c,report,false,"Cover page of a policy report, not academic formatting",false
1138799,283482,mission-oriented-ri-policies,artifacts/artifact/img/b41941ed-5653-4e81-9806-8571c4c886bc,case study report,false,"Titled 'Case Study Report', lacks academic formatting",false
1139594,283626,informal-care-in-europe,artifacts/artifact/img/b2826089-244b-45bd-b772-b41a56d3871e,report,false,"Contains title and organizational logos, typical of a report",false
1141170,283967,methoxyacetylfentanyl,artifacts/artifact/img/46dd86c7-49ab-4abb-a149-91e632d83860,risk assessment report,false,Titled 'Risk Assessment' with specific substance focus,false
1141191,283971,cyclopropylfentanyl,artifacts/artifact/img/95c43381-bc3b-4bec-9d5d-a69a1a4597a2,risk assessment report,false,"Titled as a risk assessment report, not a journal article",false
1141387,284011,analysis-of-adjacency-effects-for-copernicus-ocean-colour-missions,artifacts/artifact/img/f8bb34a3-d1d4-4514-a9a6-bf587bf60134,technical report,false,"Labeled as JRC Technical Reports, not a journal article",false
1141975,284174,opinion-on-colloidal-silver-nano,artifacts/artifact/img/9e035438-318d-4377-aeee-c4d33a9f177a,report,false,Document is labeled as an opinion by a committee.,false
1141984,284168,european-research-area-progress-report-2018,artifacts/artifact/img/08315686-577b-4c72-9993-931d00f95385,report,false,Titled as a progress report with country profile,false
1142755,284451,european-centre-of-expertise-ece-in-the-field-of-labour-law-employment-and-labour-market-policy,artifacts/artifact/img/ebc56464-47ea-4271-b703-c953c3283875,report,false,"Title and format suggest a policy report, not a journal article",false
1143315,284583,peseta-iii,artifacts/artifact/img/2dec636b-9a23-4bd1-86c3-52ab30e3317d,technical report,false,"Labeled as a technical report, not a journal article",false
1143425,284592,turning-fair-into-reality,artifacts/artifact/img/d07a48b1-ca3f-47d0-b967-b1a4fbd7b62e,report,false,Cover design and title suggest a report format,false
1144178,284824,the-contribution-of-precision-agriculture-technologies-to-farm-productivity-and-the-mitigation-of-greenhouse-gas-emissions-in-the-eu,artifacts/artifact/img/b485d5c5-fb04-44c7-b4bb-783a3120b3c7,technical report,false,Labeled as a technical report by JRC.,false
1144975,285027,environmental-and-health-risks-of-microplastic-pollution,artifacts/artifact/img/ad98be68-2c13-44af-b909-e91897057d7c,expert report,false,Labeled as an independent expert report by a scientific group,false
1146234,285276,assessment-of-the-effectiveness-of-reported-water-framework-directive-programmes-of-measures-part-iii-jrc-pressure-indicators-v20,artifacts/artifact/img/295c77d0-61a1-4d53-9066-9744ff74de2e,technical report,false,"Labeled as JRC Technical Reports, not a journal article",false
1146296,285304,ab-chminaca,artifacts/artifact/img/48d122fa-0ebc-4059-b335-093fd5c8777e,report,false,Contains organizational logos and report-style formatting,false
1146417,285347,enhancing-resilience-of-urban-ecosystems-through-green-infrastructure-enroute,artifacts/artifact/img/e807b53b-2c51-4314-9d9b-318525836196,technical report,false,"Labeled as a technical report, not a journal article",false
1148604,285896,mission-oriented-research-innovation-in-the-european-union,artifacts/artifact/img/bc73079f-2556-4583-b3ea-9696534f6446,report,false,Cover indicates a report on EU research and innovation.,false
1149322,286114,interlinkages-and-policy-coherence-for-the-sustainable-development-goals-implementation,artifacts/artifact/img/baa1041f-43dd-4c8f-8e60-3d7cc3b7bf18,technical report,false,Labeled as a technical report by JRC,false
1149419,286135,mapping-and-zooming-in-on-childhood-obesity,artifacts/artifact/img/08172ff0-e61d-485a-92b1-b479d0f3e575,report,false,"Published by European Commission, part of a series, not academic format",false
1151711,286661,collaboration-and-semantic-networks-of-eu-funded-research-in-quantum-technologies,artifacts/artifact/img/52c029d1-f1ac-4836-b83e-93d75825b0c6,technical report,false,"Labeled as a technical report, not a journal article",false
1151748,286684,which-role-does-datacite-play-in-researchers-data-sharing-and-data-reuse-practices,artifacts/artifact/img/26d0c4fb-b2ce-47fe-abff-1ec7d9ac631c,case study,false,Labeled as 'Open Science Monitor Case Study'.,false
1152416,286920,open-metadata-of-scholarly-publications,artifacts/artifact/img/9a0f10c6-6fcb-4b36-8f06-cadae9a0cb7e,case study report,false,"Labeled as a case study, lacks journal article features",false
1152471,286935,the-impacts-of-metropolitan-regions-on-their-surrounding-areas,artifacts/artifact/img/96ccdd63-75da-414e-8e34-b112d7b3da0d,report,false,"Published by European Committee, not academic journal format",false
1153488,287311,feasibility-study-on-intellectual-property-pre-diagnostic,artifacts/artifact/img/fbf765ab-0959-4b80-b569-bb91d9b7ed48,report,false,Titled 'Final Report' with European Commission branding,false
1153628,287369,assessing-innovation-capacity-in-the-european-transport-sector,artifacts/artifact/img/7edacf1b-4d3e-4bdb-a5e0-de68df5f905d,technical report,false,"Labeled as JRC Technical Reports, not a journal article",false
1153674,287375,the-current-state-of-eastern-africas-forests,artifacts/artifact/img/03fe2e0e-632b-4141-8716-c26eadddbaa1,technical report,false,Labeled as a technical report for the European Commission.,false
1154506,287622,a-digital-single-window-for-income-data-from-platform-work,artifacts/artifact/img/b06a1948-49b5-4f51-b858-fc3044f0fdc3,report,false,"Title and layout suggest a formal report, not an academic article",false
1155388,287926,overview-of-mechanisms-models-for-liquid-metal-embrittlement-and-future-directions,artifacts/artifact/img/c4e3f4a5-68b9-4722-8e94-1669bb587208,technical report,false,"Labeled as JRC Technical Report, lacks journal article features",false
1156112,288109,asset-pricing-and-the-propagation-of-macroeconomic-shocks,artifacts/artifact/img/e6b97f52-2ff4-4c27-b098-5ec44089c97f,working paper,false,Labeled as 'Working Paper Series' on cover,false
1156911,288311,luisa-dynamic-land-functions,artifacts/artifact/img/ca2aa867-6e18-4c3f-b4e3-9ef484b5908b,technical report,false,"Labeled as a technical report, not an academic journal article",false
1157437,288504,exploring-best-practices-in-combatting-violence-against-women,artifacts/artifact/img/a5a5c59a-5acd-41eb-8999-f29bd0e6bf2a,report,false,"Produced by a committee, not academic journal formatting",false
1157542,288541,blockchain-in-education,artifacts/artifact/img/6722226e-a812-419d-91d2-5baddc13f19b,policy report,false,Labeled as a science for policy report,false
1157671,288609,overview-of-the-maker-movement-in-the-european-union,artifacts/artifact/img/91641e06-d253-4db7-9882-6c220f0d5401,technical report,false,"Labeled as JRC Technical Reports, not academic journal format",false
1158663,288865,hivaids-surveillance-in-europe-2017,artifacts/artifact/img/8fbd381c-666d-4f47-9d6d-d71eb23735b2,report,false,Title and organizational logos indicate a report format,false
1160764,289386,mission-oriented-research-and-innovation-policy,artifacts/artifact/img/2d39c550-0041-4613-90d5-ce5a1650765a,report,false,"Cover page of a policy report, not academic formatting",false
1160838,289418,mission-oriented-ri-policies,artifacts/artifact/img/c4f1d98d-e79f-4951-8bc6-6d65bf248b24,case study report,false,"Labeled as a case study report, not a journal article",false
1161286,289492,migrants-in-european-schools,artifacts/artifact/img/d8cfc10f-ca49-491e-a986-41df872fe614,report,false,Cover indicates a report with workshops and activities,false
1161399,289525,toward-climate-change-impact,artifacts/artifact/img/244c85d6-abf2-4673-9015-5364e0cf4e81,technical report,false,"Labeled as a technical report, not a journal article",false
1163281,289962,european-centre-of-expertise-ece-in-the-field-of-labour-law-employment-and-labour-market-policy,artifacts/artifact/img/af442e1a-4519-4d55-9e0c-c40e41bc6469,report,false,"Title and format indicate a report, not a journal article",false
1164573,290259,artificial-intelligence-at-the-jrc,artifacts/artifact/img/4a9c1b16-f9ac-4dd1-8778-a4d24e0e40f7,conference report,false,Labeled as conference and workshop report,false
1164637,290256,cumulative-prosecution-of-foreign-terrorist-fighters-for-core-international-crimes-and-terrorism-related-offences,artifacts/artifact/img/38035b0d-5a8b-4409-9e43-9752ac175be0,report,false,"Cover page with title and image, lacks academic formatting",false
1164655,290277,the-impact-of-sex-and-gender-in-the-covid-19-pandemic,artifacts/artifact/img/a9ac4c7c-9c99-4d1c-b311-145e87ba28c2,case study,false,Labeled as a case study on the cover,false
1164770,290350,solutions-and-policy-dilemmas-regarding-minors-protection-online,artifacts/artifact/img/6d8f22f6-d98a-40e8-893a-7ee0924426fd,report,false,Cover indicates a policy report with specific focus and analysis,false
1167380,290892,facial-recognition-technology,artifacts/artifact/img/2d766191-3fc6-40da-bab6-204ebbb5e90a,report,false,"Contains sections, contents page, and organizational branding",false
1169585,291389,eu-funding-of-transport-projects,artifacts/artifact/img/e06ce0c5-0bbf-4c09-9cec-5d20a9680a5d,study report,false,Labeled as a study report for a committee,false
1170113,291460,the-european-union-summary-report-on-antimicrobial-resistance-in-zoonotic-and-indicator-bacteria-from-humans-animals-and-food-in-2016,artifacts/artifact/img/00ac57df-ac55-499b-8144-70c3e53fa177,report,false,Title indicates a summary report by a European agency,false
1170147,291468,the-2016-european-union-report-on-pesticide-residues-in-food,artifacts/artifact/img/ad436e8a-fb18-41e1-a5fd-8aa9d6ed4e0e,report,false,Titled as a report on pesticide residues,false
1170197,291467,the-european-union-summary-report-on-trends-and-sources-of-zoonoses-and-zoonotic-agents-and-food-borne-outbreaks-in-the-european-union-in-2016,artifacts/artifact/img/200322d6-0b95-49ce-8d0b-58e5ef2c6f44,report,false,Title indicates it's a summary report by EFSA.,false
1170733,291614,suggestions-to-improve-data-coverage-and-comparability-in-food-waste-accounting-studies-across-the-eu,artifacts/artifact/img/6eb38c76-59d4-4f01-86c8-fcd00ec994cc,technical report,false,"Labeled as a technical report, not a journal article",false
1170735,291616,g20-workshop-on-scientific-knowledge-and-innovative-solutions-for-marine-plastic-litter,artifacts/artifact/img/3035b4ee-8b1b-4b01-a389-df860a9ca265,report,false,Cover page of a report with event details,false
1170745,291631,brief-on-algae-biomass-production,artifacts/artifact/img/99f119c6-e770-4c4c-905b-d548c900d024,report,false,"Contains organizational branding and summary, not academic formatting",false
1170779,291644,development-of-a-study-protocol-for-thyroid-disruptor-testing-in-the-mammalian-system,artifacts/artifact/img/f2546dcd-4cbf-4db7-b699-947d6054b4d0,study protocol,false,"Title indicates a study protocol, not a journal article",false
1170781,291638,the-operation-of-the-european-power-system-in-2016,artifacts/artifact/img/a1d241ae-7e61-481d-a3a6-c9fd4c637b51,technical report,false,Labeled as a technical report by JRC,false
1171531,291789,artefacts,artifacts/artifact/img/47c81f92-2cfe-429c-b063-dbd843efc9c9,magazine cover,false,"Artistic design and promotional text, not academic formatting",false
1172066,291947,open-hardware-licences,artifacts/artifact/img/25db4c0b-7bd0-488a-a7c9-c1fe425c3b91,case study,false,"Titled as a case study, lacks journal article features",false
1172090,291943,dug-user-guide,artifacts/artifact/img/5b9bb795-96eb-4cad-9248-a50af8ffa713,user guide,false,Titled 'User Guide' with no academic formatting,false
1172222,291969,photovoltaics,artifacts/artifact/img/10186986-5957-45ba-81df-a7b8460ba678,market development report,false,Cover indicates a report on photovoltaics market development.,false
1175184,292681,the-missing-entrepreneurs-2019,artifacts/artifact/img/6bb5ec66-de36-42e8-aaf9-385750f1fd79,report,false,Cover indicates a report by OECD and EU.,false
1178674,293458,emcdda-operating-guidelines-for-the-european-union-early-warning-system-on-new-psychoactive-substances,artifacts/artifact/img/cba81203-76b7-4406-93f0-7b4134c7c650,guideline document,false,"Title indicates guidelines, not a journal article format",false
1179087,293548,dynamic-global-conflict-risk-index,artifacts/artifact/img/a4c73d8b-1447-4a15-8cff-34c54bfbd8cb,technical report,false,"Labeled as a technical report, not a journal article",false
1180204,293754,methodology-for-the-european-cluster-and-industrial-transformation-trends-report,artifacts/artifact/img/ee103508-fba9-48b5-951a-8c16f1f25644,report,false,Cover indicates a report with a specific focus and date.,false
1180379,293793,estimating-investments-in-general-purpose-technologies,artifacts/artifact/img/448fa508-9b39-4ce6-88a8-6d3eb050cbd7,technical report,false,Labeled as a technical report on the cover,false
1180406,293810,advancing-worklife-balance-with-eu-funds,artifacts/artifact/img/bf47d164-198a-4dab-98d5-3bc78fbb46e5,report,false,Cover page of a report with title and organization logo,false
1180461,293840,global-warming-and-drought-impacts-in-the-eu,artifacts/artifact/img/25ad66e5-4e07-4785-be8c-6f2603f3b278,technical report,false,Labeled as a technical report by JRC,false
1180547,293864,global-warming-and-windstorm-impacts-in-the-eu,artifacts/artifact/img/35ed4774-580a-42ed-8869-bb82d44b3229,technical report,false,Labeled as a technical report by JRC,false
1181312,294014,distributed-ledger-technologies-and-blockchain,artifacts/artifact/img/696e1889-2a0f-491a-8596-8ec4871d4b9d,research report,false,Titled as a Research and Technology Monitoring Report,false
1182083,294182,procurement-guidelines-for-cybersecurity-in-hospitals,artifacts/artifact/img/4d007837-0711-43c9-8364-66c25f211887,report,false,"Title suggests guidelines, not academic research.",false
1182495,294265,tree-species-distribution-data-and-maps-for-europe,artifacts/artifact/img/0c882925-b8ba-4b65-843a-e77725c73daa,technical report,false,"Labeled as JRC Technical Reports, not a journal article",false
1182658,294299,study-on-the-landscape-of-youth-representation-in-the-eu,artifacts/artifact/img/234e0b56-d5e9-4389-99f3-be18c6e191df,report,false,Titled 'Final report' with EU logo,false
1183255,294353,tuberculosis-surveillance-and-monitoring-in-europe-2020,artifacts/artifact/img/31582d45-0b09-41da-80d3-801b0ecd3a1b,report,false,Cover indicates a report by WHO and ECDC,false
1183256,294341,indicators-for-monitoring-the-strategic-transport-research-and-innovation-agenda,artifacts/artifact/img/5e086bc8-f426-4ad6-867f-3da97b00be80,technical report,false,Labeled as a technical report by JRC.,false
1183666,294398,edps-techdispatch,artifacts/artifact/img/162f6f1a-fe93-472c-b7df-526af288f950,newsletter,false,Contains issue number and newsletter-style layout,false
1185096,294549,living-lab-for-testing-digital-energy-solutions-at-jrc-ispra,artifacts/artifact/img/04fb942f-57c9-43b8-91c5-684a45b790f1,conference report,false,Labeled as conference and workshop report,false
1186989,294822,single-european-sky,artifacts/artifact/img/df404f4a-1309-4dd7-b61e-c210ed41ba55,policy brief,false,Labeled as 'Policy Brief' on the cover,false
1187074,294830,regulatory-framework-to-mitigate-methane-emissions-in-north-america,artifacts/artifact/img/5182b897-cb24-452c-b95a-598151954f4d,policy brief,false,"Labeled as a policy brief, not an academic journal article",false
1189281,295086,shaping-a-sustainable-industry,artifacts/artifact/img/82d770bb-2806-4362-978e-77e2727ba469,report,false,Labeled as a final report with policy recommendations,false
1189733,295120,european-wildfire-danger-and-vulnerability-in-a-changing-climate,artifacts/artifact/img/ba57fa2c-e495-4454-bbeb-c43da3ad02b5,technical report,false,"Labeled as a technical report, not a journal article",false
1189794,295149,jrc-statistical-audit-of-the-2020-environmental-performance-index,artifacts/artifact/img/556844b8-1515-4a8e-93d7-cf16cabcf011,technical report,false,"Labeled as a technical report, not a journal article",false
1189902,295162,advanced-technologies-for-industry-sectoral-watch,artifacts/artifact/img/ff2bbc3b-93d8-43e1-be76-54ba80b3edef,report,false,Cover indicates a report on industry technologies.,false
1190048,295186,labor-share-and-growth-in-the-long-run,artifacts/artifact/img/b30d07df-cd99-4fe9-80c0-eecdc48ab5fb,working paper,false,Labeled as 'Working Paper Series' on the cover,false
1190185,295191,the-cspp-at-work,artifacts/artifact/img/b81566bc-6a6d-4edc-81d5-0720bc85a4ec,working paper,false,Labeled as 'Working Paper Series' on cover,false
1190224,295207,report-on-the-health-status-of-newly-arrived-migrants-and-refugees-in-eueea,artifacts/artifact/img/91b5ddbc-ec08-4d89-8e81-ea1bf286c621,report,false,Titled as a report with organizational branding,false
1190546,295277,meeting-labour-demand-in-agriculture-in-times-of-covid-19-pandemic,artifacts/artifact/img/eaf19a18-e896-4504-a4b6-160aad979d98,technical report,false,Labeled as a technical report by JRC.,false
1190994,295330,trade-in-counterfeit-pharmaceutical-products,artifacts/artifact/img/c653f309-01cf-4493-a35e-e9e5a902e7f8,report,false,Cover indicates a report by OECD and EUIPO.,false
1191130,295360,age-gender-and-territory-of-covid-19-infections-and-fatalities,artifacts/artifact/img/19bc3112-804b-4e12-af94-fdc4745b7b11,technical report,false,"Labeled as a technical report, not a journal article",false
1191132,295343,place-based-innovation-ecosystems,artifacts/artifact/img/0e3ef192-d5a0-47a4-a6f6-cc645808ece6,technical report,false,"Labeled as a technical report, not a journal article",false
1191255,295394,the-research-and-innovation-divide-in-the-eu-and-its-economic-consequences,artifacts/artifact/img/dcd8f556-2723-470c-8fec-3801a62dcd7d,report,false,"Labeled as a report, lacks journal article features",false
1191275,295408,review-of-technologies-for-the-rapid-detection-of-chemical-and-biological-contaminants-in-drinking-water,artifacts/artifact/img/e8930926-4201-4117-9801-1a0d2784fbdc,technical report,false,"Labeled as JRC Technical Reports, not a journal article",false
1191691,295437,transformative-innovation-and-socio-technical-transitions-to-address-grand-challenges,artifacts/artifact/img/582cc6fa-b0c2-4297-be13-34b2a9104e6a,report,false,Labeled as an 'International Report' on the cover,false
1191871,295443,the-consequences-of-ai-based-technologies-for-jobs,artifacts/artifact/img/857e27c6-d908-44c6-8a7b-7fb7c5c4e49f,report,false,"Labeled as an independent report, lacks journal article features",false
1202347,299354,continuum-of-hiv-care,artifacts/artifact/img/0c910c26-8e57-432e-be64-0478295c60c9,report,false,"Labeled as a special report, lacks journal article features",false
1216120,302384,10-trends-shaping-democracy-in-a-volatile-world,artifacts/artifact/img/a31767b6-4228-4a0f-9c31-ea5c01cfcac9,report,false,Cover design and title suggest a report format,false
1216319,302399,european-law-enforcement-research-bulletin,artifacts/artifact/img/c93ab991-8f7d-49b9-9955-ca994eb74694,research bulletin,false,"Titled as a research bulletin, not a journal article",false
1217716,302712,review-of-sensors-for-air-quality-monitoring,artifacts/artifact/img/5f7f875f-9b4d-4df1-b9ad-a5ed06fad636,technical report,false,"Labeled as a technical report, not a journal article",false
1218039,302750,the-european-union-summary-report-on-trends-and-sources-of-zoonoses-zoonotic-agents-and-food-borne-outbreaks-in-2017,artifacts/artifact/img/92083229-3d76-4e5a-ae76-6be87adf97ec,report,false,Title indicates it's a summary report by EFSA,false
1218083,302787,arab-futures-20,artifacts/artifact/img/205cd4c8-f8ca-4e72-a60b-8afd1fc206e4,report,false,"Contains title, author, and report series information",false
1218803,302969,report-on-the-fourth-workshop-of-the-network-of-experts-for-redeveloping-models-of-the-european-marine-environment,artifacts/artifact/img/e1518d2f-5d29-4b67-8c64-874a3eacaa1b,conference report,false,Labeled as conference and workshop report,false
1218870,302982,the-nanodefine-methods-manual,artifacts/artifact/img/4f0d3ddf-0932-431f-8e7d-81f442a6f570,technical report,false,"Labeled as a technical report, not a journal article",false
1219425,303161,modelaje-de-produccion-de-soja-en-america-latina,artifacts/artifact/img/790df84b-1d1a-43aa-bff0-b0c70ade1d08,report,false,Contains institutional logos and appears to be a report cover,false
1219501,303181,presidential-recommendations-for-2020,artifacts/artifact/img/ea473d94-7a71-43ea-b9b3-2c45c3a6b493.jpg,report,false,"Title suggests a report or policy document, not academic formatting",false
1219502,303185,covid-19-and-intersections-with-vulnerable-populations-in-the-united-states,artifacts/artifact/img/6018208a-efc5-46f8-8d48-7c15e1b9f6a0.jpg,"",false,error: Expecting value: line 1 column 1 (char 0),false
1219507,303201,champions-of-breakfast,artifacts/artifact/img/730cbcc6-ba3a-49a9-86f0-345be5f36928.jpg,report,false,"Title and organization, lacks academic formatting",false
1219509,303204,farmworkers-at-risk,artifacts/artifact/img/8f5b41be-d0b8-4adf-b5ba-08eaa2f54f35.jpg,report,false,"Contains highlights, introduction, and organizational branding",false
1219510,303207,endangering-generations,artifacts/artifact/img/12f1214e-8985-4c9b-b44e-da3120a6ee53.jpg,report,false,Cover page with title and organizational branding,false
1219512,303209,inequitable-exposure-to-air-pollution-from-vehicles-in-the-northeast-and-mid-atlantic,artifacts/artifact/img/b2a4c9d8-5823-4928-ab40-6228d096bcc5.jpg,fact sheet,false,Labeled as 'FACT SHEET' with summary information.,false
1219513,303209,inequitable-exposure-to-air-pollution-from-vehicles-in-the-northeast-and-mid-atlantic,artifacts/artifact/img/b2a4c9d8-5823-4928-ab40-6228d096bcc5.jpg,fact sheet,false,Labeled as 'FACT SHEET' with summary information.,false
1219515,303210,science-under-siege-at-the-department-of-the-interior,artifacts/artifact/img/2eac7da1-4fb7-47de-9aae-e384a65b81e0.jpg,report,false,Cover page of a report by an organization,false
1219528,303218,the-flexible-demand-opportunity,artifacts/artifact/img/21874e89-5fec-48e5-9f3e-a44b4869cb44.jpg,issue brief,false,"Labeled as issue brief, lacks academic formatting",false
1219529,303219,the-climate-accountability-scorecard-updated,artifacts/artifact/img/9c9af7bd-5847-4628-ba10-6dde51376b3c.jpg,report,false,"Title and format indicate a report, not a journal article.",false
1219538,303222,clean-fuels-for-the-midwest,artifacts/artifact/img/9ab66c40-9686-4f98-9d69-52f6ea7517bd.jpg,fact sheet,false,"Labeled as a fact sheet, not academic formatting",false
1219543,303225,where-are-self-driving-cars-taking-us,artifacts/artifact/img/d5a81e5a-9462-4de9-b707-38779fcf7cda.jpg,report,false,Cover page of a report with title and organization name,false
1219544,303226,inequitable-exposure-to-air-pollution-from-vehicles-in-california-2019,artifacts/artifact/img/d63ab9c8-8f58-4278-8197-5d2962e79803.jpg,fact sheet,false,"Labeled as a fact sheet, not academic formatting",false
1219549,303229,our-unhealthy-democracy,artifacts/artifact/img/f270cd16-ade0-4211-acf3-1f7b049c2f17.jpg,executive summary,false,"Labeled as executive summary, not a full journal article",false
1219575,303204,farmworkers-at-risk,artifacts/artifact/img/8f5b41be-d0b8-4adf-b5ba-08eaa2f54f35.jpg,report,false,"Contains highlights, introduction, and organizational branding",false
1219578,303235,building-a-healthier-democracy,artifacts/artifact/img/b89850c6-5928-44c0-bdfd-ef0f4ffa5a34.jpg,report,false,Cover image and title suggest a report format,false
1219585,303237,killer-heat-in-the-united-states,artifacts/artifact/img/7fa9f624-4cbc-4e9c-a8ae-1fd843e78fee.jpg,report,false,"Cover indicates a report by an organization, not a journal article.",false
1219593,303238,delivering-on-the-dietary-guidelines,artifacts/artifact/img/b72d731a-95c4-42fc-b114-4ae03f7ea879.jpg,report,false,Cover page of a report with title and organization logo,false
1219619,303191,electric-utility-investment-in-truck-and-bus-charging,artifacts/artifact/img/39f13a30-ee91-430e-8c7f-5902d8e39ca8.jpg,report,false,Cover page of a report with title and organization.,false
1219622,303194,fighting-corruption-promoting-evidence,artifacts/artifact/img/86fed8ed-776b-4330-b70e-73aed209bc8e.jpg,fact sheet,false,"Labeled as a fact sheet, lacks academic formatting",false
1219628,303255,why-new-york-state-needs-a-clean-transportation-system,artifacts/artifact/img/70556833-7327-42fb-8708-84813da29c27.jpg,fact sheet,false,"Labeled as a fact sheet, not academic formatting",false
1219639,303266,climate-change-extreme-precipitation-and-flooding,artifacts/artifact/img/a86df472-8622-42d7-aa81-f53e6aa31497.jpg,fact sheet,false,"Labeled as a fact sheet, not academic formatting",false
1219644,303209,inequitable-exposure-to-air-pollution-from-vehicles-in-the-northeast-and-mid-atlantic,artifacts/artifact/img/b2a4c9d8-5823-4928-ab40-6228d096bcc5.jpg,fact sheet,false,Labeled as 'FACT SHEET' with summary information.,false
1219645,303212,safeguarding-soil,artifacts/artifact/img/44018ff3-9562-48dd-8e32-d1e364eae473.jpg,policy brief,false,"Labeled as policy brief, not academic formatting",false
1219660,303247,chinas-nuclear-force,artifacts/artifact/img/1f0b9a88-54f8-4f56-b4d4-166e2d0082cc.jpg,report,false,"Title, author, date, and organization; lacks journal formatting",false
1219662,303272,reintegrating-land-and-livestock,artifacts/artifact/img/341904af-edf6-425e-a81f-dd0b08b6b195.jpg,report,false,"Title, author, date, and organization; lacks journal formatting",false
1219675,303265,purchasing-power,artifacts/artifact/img/b7216a40-f7f7-4112-a24f-e6980eb274f1.jpg,report,false,"Contains title, subtitle, and organizational branding",false
1219696,303197,in-support-of-sustainable-eating,artifacts/artifact/img/58bd83d0-83e1-4e76-b6fc-ac0646e41197.jpg,policy brief,false,"Labeled as a policy brief, not an academic article",false
1219702,303286,when-rising-seas-hit-home,artifacts/artifact/img/13a14e92-0dbb-43a8-b701-2835c2914b19.jpg,report,false,Cover indicates a report by an organization.,false
1219809,303341,reviving-the-dead-zone,artifacts/artifact/img/de3d5ecd-cb65-4d34-a2f1-b0c6f016d214.jpg,report,false,"Cover indicates a report by an organization, not academic formatting",false
1219869,303354,confronting-climate-change-in-oregon,artifacts/artifact/img/ebc850db-4d2e-4293-9a07-1b944de2dddf.jpg,fact sheet,false,"Labeled as a fact sheet, not academic formatting",false
1219873,303365,confronting-climate-change-in-washington,artifacts/artifact/img/93467108-d4e1-424c-9b6f-d7fd03e1158b.jpg,fact sheet,false,"Labeled as a fact sheet, not academic formatting",false
1256658,326017,myanmar,artifacts/file/img/c5793244-3f15-1b31-a06c-61d575ab8c27.png,report,false,Cover features NGO branding and report title,false
1256850,326191,united-kingdom,artifacts/file/img/3d5fdf30-a384-465d-c9c6-dcabb2b23137.png,journal article,true,"Contains title, authors, abstract, and academic formatting",false
1322423,358082,setting-the-stage-chapters,artifacts/artifact/img/8d1cbe35-8816-4867-96a7-433d727bad35.jpg,report,false,"Contains sections and thematic icons, typical of a report",false
1322436,358087,part-b,artifacts/artifact/img/1db96f2f-9356-455e-8245-66ec08bdebd6.jpg,report,false,"Contains sections and topics, not typical of journal articles",false
1322438,358087,part-b,artifacts/artifact/img/1db96f2f-9356-455e-8245-66ec08bdebd6.jpg,report,false,"Contains sections and topics, not typical of journal articles",false
1322442,358093,part-a,artifacts/artifact/img/a23291d0-2a5d-4f40-b6f4-4c6d65cbf31c.jpg,report,false,"Contains sections and thematic illustrations, typical of a report",false
1322448,358087,part-b,artifacts/artifact/img/1db96f2f-9356-455e-8245-66ec08bdebd6.jpg,report,false,Structured sections on policy assessment and environmental governance,false
1322449,358082,setting-the-stage-chapters,artifacts/artifact/img/8d1cbe35-8816-4867-96a7-433d727bad35.jpg,report,false,"Contains sections and thematic icons, typical of a report",false
1322453,358087,part-b,artifacts/artifact/img/1db96f2f-9356-455e-8245-66ec08bdebd6.jpg,report,false,Structured sections on policy assessment and environmental governance,false
1322454,358093,part-a,artifacts/artifact/img/a23291d0-2a5d-4f40-b6f4-4c6d65cbf31c.jpg,report,false,"Contains sections and thematic illustrations, typical of a report",false
1322455,358087,part-b,artifacts/artifact/img/1db96f2f-9356-455e-8245-66ec08bdebd6.jpg,report,false,"Structured sections on policy and governance, not academic formatting",false
1322458,358087,part-b,artifacts/artifact/img/1db96f2f-9356-455e-8245-66ec08bdebd6.jpg,report,false,"Structured sections on policy and governance, not academic formatting",false
1322465,358101,part-c,artifacts/artifact/img/362a5ecb-2409-4bd9-91ff-0b701ba4a858.jpg,report,false,Contains sections and topics typical of a report,false
1322473,358101,part-c,artifacts/artifact/img/362a5ecb-2409-4bd9-91ff-0b701ba4a858.jpg,report,false,Contains sections and topics typical of a report,false
1322474,358094,global-environment-outlook-6-summary-for-policymakers,artifacts/artifact/img/353455b5-4da5-4dc7-ba0e-5f861018ad44.jpg,report,false,Cover indicates a summary report for policymakers.,false
1322481,358094,global-environment-outlook-6-summary-for-policymakers,artifacts/artifact/img/353455b5-4da5-4dc7-ba0e-5f861018ad44.jpg,report,false,Cover indicates a summary report for policymakers.,false
1322498,358101,part-c,artifacts/artifact/img/362a5ecb-2409-4bd9-91ff-0b701ba4a858.jpg,report,false,Contains sections and topics typical of a report,false
1322500,358101,part-c,artifacts/artifact/img/362a5ecb-2409-4bd9-91ff-0b701ba4a858.jpg,report,false,Contains sections and topics typical of a report,false
1322507,358126,part-d,artifacts/artifact/img/f2195522-c838-4250-a84d-db0688d892df.jpg,report section,false,"Labeled as 'Part D', likely a report section",false
1322517,358098,global-environment-outlook-6-for-industry-in-asia-pacific,artifacts/artifact/img/5e010d1c-8b5e-4f5d-a536-b45a0621af03.jpg,report,false,Cover page of a report by UN Environment,false
1322611,358166,frontiers-201819,artifacts/artifact/img/e4f5532f-21b3-49ad-92dc-57ead2035c9d.jpg,report,false,"Published by UN Environment, titled 'Frontiers 2018/19'.",false
1322623,358166,frontiers-201819,artifacts/artifact/img/e4f5532f-21b3-49ad-92dc-57ead2035c9d.jpg,report,false,"Published by UN Environment, titled 'Frontiers 2018/19'.",false
1322625,358166,frontiers-201819,artifacts/artifact/img/e4f5532f-21b3-49ad-92dc-57ead2035c9d.jpg,report,false,"Published by UN Environment, not academic journal format",false
1322626,358166,frontiers-201819,artifacts/artifact/img/e4f5532f-21b3-49ad-92dc-57ead2035c9d.jpg,report,false,"Published by UN Environment, titled 'Frontiers 2018/19'.",false
1322628,358166,frontiers-201819,artifacts/artifact/img/e4f5532f-21b3-49ad-92dc-57ead2035c9d.jpg,report,false,"Published by UN Environment, titled 'Frontiers 2018/19'.",false
1322641,358166,frontiers-201819,artifacts/artifact/img/e4f5532f-21b3-49ad-92dc-57ead2035c9d.jpg,report,false,"Published by UN Environment, not academic journal format",false
1322668,358207,integrated-strategic-environmental-assessments-in-post-crisis-countries,artifacts/artifact/img/94456c8f-333b-4b5c-abc2-844b3ee17d23.png,guidance note,false,Cover indicates a guidance note for environmental assessments.,false
1340185,375633,regional-improvement-of-border-services,artifacts/file/img/8323d2a6-d561-1667-fa7f-8c9739cc7e1e.png,report,false,"Contains project details and assessment title, not academic formatting",false
1340785,376279,nukualofa-urban-development-sector-project,artifacts/file/img/2e6a9ca9-f045-5586-08e0-9c50e02b3aa3.png,report,false,Titled as a report with project details and date,false
1355364,390792,armenias-transformative-urban-future,artifacts/artifact/img/d7e1a652-498b-4036-a6e3-0c3ae4008912.jpg,report,false,Title and organization suggest a report format,false
1355605,390994,asian-development-bankjapan-scholarship-program,artifacts/artifact/img/f23b2315-79c4-4ce8-84c1-edffd47e731e.jpg,annual report,false,Titled 'Annual Report' with organizational branding,false
1356925,392218,europe-and-northeast-asia,artifacts/artifact/img/3ca04749-8e4b-486c-b44e-c4ece67bbfd8.jpg,working paper,false,Labeled as a working paper from ADB Institute,false
1356941,392212,global-value-chain-participation-and-firms-innovations,artifacts/artifact/img/1f87ddf4-d21f-4e55-b6d9-edda0252e11f.jpg,working paper,false,Labeled as a working paper from ADB Institute,false
1356970,392233,the-case-for-regional-cooperation-in-trade-and-investment-finance-for-asia,artifacts/artifact/img/539468b7-af19-4a49-800d-38622c092f30.jpg,brief report,false,"Labeled as 'ADB Briefs', not a journal article",false
1357004,392287,revisiting-the-publicprivate-partnership-for-rapid-progress-on-the-sanitation-related-sustainable-development-goals,artifacts/artifact/img/954778de-c262-4f45-917c-5cb1d9df3036.png,policy brief,false,"Labeled as policy brief, not academic journal format",false
1357006,392294,the-real-time-impact-on-real-economya-multivariate-bvar-analysis-of-digital-payment-systems-and-economic-growth-in-india,artifacts/artifact/img/614fd336-02a3-465d-a774-b6d46524b116.jpg,working paper,false,Labeled as ADBI Working Paper Series,false
1357020,392304,leveraging-private-sector-participation-to-boost-environmental-protection-in-the-peoples-republic-of-china,artifacts/artifact/img/6e3bcfb5-f66b-4256-87bf-10d162ecf2da.jpg,brief report,false,"Contains key points, introduction, and organizational branding",false
1357021,392314,creation-and-evolution-of-european-economic-and-monetary-union,artifacts/artifact/img/13308298-10d1-4389-857d-6962733e5770.jpg,working paper,false,Labeled as ADBI Working Paper Series,false
1357038,392331,regulatory-frameworks-for-reforms-of-state-owned-enterprises-in-thailand-and-malaysia,artifacts/artifact/img/86bb74a4-4c02-4f87-8a63-d444dd7cbce5.jpg,working paper,false,"Labeled as working paper, lacks journal article structure",false
1357044,392307,strategic-environmental-regulation-and-inbound-foreign-direct-investment-in-the-peoples-republic-of-china,artifacts/artifact/img/6e01e7ac-4572-4843-9cef-cce379f31fd4.jpg,working paper,false,Labeled as a working paper from ADB Institute,false
1357054,392312,innovative-financial-products-and-services-for-women-in-asia-and-the-pacific,artifacts/artifact/img/1f73fa70-3d42-475c-8a2c-f62dbd585a87.jpg,working paper,false,Labeled as a working paper series by ADB,false
1357059,392337,driving-small-and-medium-sized-enterprise-participation-in-global-value-chains,artifacts/artifact/img/2e00cf18-c93d-405e-a183-88f4f416e88f.jpg,working paper,false,Labeled as a working paper from ADB Institute,false
1357060,392324,role-of-regional-cooperation-and-integration-in-improving-energy-insecurity-in-south-asia,artifacts/artifact/img/c50eb037-c398-4a07-9719-7b4c178011ec.jpg,working paper,false,"Labeled as working paper, lacks journal article formatting",false
1357061,392349,fintech-financial-literacy-and-consumer-saving-and-borrowing,artifacts/artifact/img/30c33551-82cb-4588-8687-6649b80c4f1f.jpg,working paper,false,Labeled as ADBI Working Paper Series,false
1357069,392353,trade-impact-of-reducing-time-and-costs-at-borders-in-the-central-asia-regional-economic-cooperation-region,artifacts/artifact/img/c4686fc7-82ef-4db1-a5bc-7d6fe2d7a675.jpg,working paper,false,Labeled as a working paper from ADB Institute,false
1357078,392365,building-the-future-of-quality-infrastructure,artifacts/artifact/img/3561343f-e8fa-4e86-a122-0ccc56d40784.jpg,report,false,Cover design and title suggest a report or publication.,false
1357079,392367,time-varying-interactions-between-geopolitical-risks-and-renewable-energy-consumption,artifacts/artifact/img/d6333660-1ad1-4bb3-bac3-7f21c92a20ed.jpg,working paper,false,Labeled as a working paper from ADB Institute,false
1357087,392371,the-economic-impact-of-the-covid-19-outbreak-on-developing-asia,artifacts/artifact/img/0958d96f-7730-4a70-b259-a6721958cc95.jpg,report,false,Contains key messages and report-style formatting,false
1357089,392373,public-commercial-assets,artifacts/artifact/img/b9b1574b-8b28-48c7-8c2b-8dbf9567814c.jpg,brief report,false,"Contains title, author, and brief format typical of reports",false
1357093,392382,sustainable-finance-in-japan,artifacts/artifact/img/65dbbd55-53a2-4953-a512-9443c49cf598.jpg,working paper,false,Labeled as a working paper by ADB Institute,false
1357110,392393,handbook-on-high-speed-rail-and-quality-of-life,artifacts/artifact/img/dd84e9d4-375c-49cf-81d7-8582cebcc515.jpg,book,false,"Cover indicates it's a handbook, not an article.",false
1357111,392399,state-owned-enterprise-reform-in-viet-nam,artifacts/artifact/img/98be8979-2fbf-4b13-bad4-73952e97a210.jpg,working paper,false,"Labeled as working paper, lacks journal article structure",false
1357128,392416,innovative-approaches-for-the-management-of-labor-migration-in-asia,artifacts/artifact/img/cbf2882e-27a3-4946-81f4-efabf5647ddd.jpg,report,false,Cover page of a report with organizational logos,false
1357129,392403,blockchain-and-tokenized-securities,artifacts/artifact/img/2d6e759e-7768-4f0c-950e-4dfed178ea74.jpg,working paper,false,Labeled as a working paper from ADB Institute,false
1357130,392357,asian-development-review,artifacts/artifact/img/24ae2137-458b-4c3b-be5f-a59bdb1b7fc0.jpg,journal article,true,"Contains journal name, volume, and article titles",false
1357133,392410,the-impact-of-the-green-energy-infrastructure-on-firm-productivity,artifacts/artifact/img/f7d22237-4c47-4988-a47f-57733d16b08e.jpg,working paper,false,Labeled as ADBI Working Paper Series,false
1357139,392406,greenfield-investments-as-a-source-of-sustainable-green-finance-on-the-relationships-between-greenfield-investments-environmental-performance-and-asian-economic-growth,artifacts/artifact/img/d835004a-01f1-4f62-ac99-d83d150c8719.jpg,working paper,false,Labeled as a working paper from ADB Institute,false
1357145,392427,education-skill-training-and-lifelong-learning-in-the-era-of-technological-revolution,artifacts/artifact/img/6f2aee6e-556f-4f65-a384-423a15bb2d47.jpg,working paper,false,Labeled as ADB Economics Working Paper Series,false
1357148,392415,enhancing-the-transparency-and-accountability-of-state-owned-enterprises,artifacts/artifact/img/dc433b99-e84c-4267-8e1c-b86b1cc9b38e.jpg,working paper,false,"Labeled as working paper, lacks journal article structure",false
1357156,392439,making-urban-asias-air-cleaner,artifacts/artifact/img/90401382-066c-4a69-8db5-714130f19174.jpg,report,false,"Contains title, authors, and institutional affiliation, typical of a report",false
1357166,392440,energy-insecurity-in-turkey,artifacts/artifact/img/559c40fd-fdf0-4b66-86c1-fc32114fe496.jpg,working paper,false,Labeled as a working paper from ADB Institute,false
1357169,392462,is-the-management-evaluation-system-of-state-owned-enterprises-in-the-republic-of-korea-a-good-tool-for-better-performance,artifacts/artifact/img/dadf3935-1f11-4943-8393-776a6ed6ffb8.jpg,working paper,false,Labeled as ADBI Working Paper Series,false
1357175,392454,ecological-civilization-in-the-peoples-republic-of-china,artifacts/artifact/img/9a449a5d-1c6b-4b29-b1c7-be9f177070cf.jpg,working paper,false,Labeled as a working paper series by ADB.,false
1357188,392467,framework-for-public-transport-integration-at-railway-stations-and-its-implications-for-quality-of-life,artifacts/artifact/img/91615e77-acd3-41d9-9d88-37975c2f6cb1.jpg,working paper,false,Labeled as ADBI Working Paper Series,false
1357198,392485,the-economic-impacts-of-climate-change,artifacts/artifact/img/8a6794ed-b7af-4a66-8e15-2b9748aeb228.jpg,working paper,false,"Labeled as working paper, lacks journal article formatting",false
1357200,392478,national-to-local-aid-and-recovery-from-extreme-weather-events,artifacts/artifact/img/d9b3f4a4-6ba5-4753-91f2-b796ee07d496.jpg,working paper,false,Labeled as working paper series by ADB,false
1357204,392501,the-differential-effects-of-technology-and-trade-on-female-and-male-workers-in-india,artifacts/artifact/img/09c9a9a4-f558-43dc-be02-bd7acbba941a.jpg,working paper,false,Labeled as a working paper from ADB Institute,false
1357210,392492,evolution-of-high-speed-rail-and-its-development-effects,artifacts/artifact/img/fb157a55-2b0e-4873-87ee-5927f86c4e45.jpg,working paper,false,Labeled as 'ADBI Working Paper Series'.,false
1357220,392486,population-aging-and-its-economic-consequences-for-the-peoples-republic-of-china,artifacts/artifact/img/1ac0ee55-cb73-465c-a7c9-a2b5101725e4.jpg,working paper,false,Labeled as a working paper series by ADB,false
1357226,392519,avoiding-energy-insecurity-by-promoting-private-investmentthe-case-of-the-vietnamese-power-sector,artifacts/artifact/img/41998980-2e25-441e-8e41-fea3a9cebefc.jpg,working paper,false,Labeled as ADBI Working Paper Series,false
1357227,392490,a-model-for-calculating-the-optimal-credit-guarantee-fee-for-small-and-medium-sized-enterprises,artifacts/artifact/img/18da0cfe-3dae-4a94-9979-ad286ca4f346.jpg,working paper,false,Labeled as ADBI Working Paper Series,false
1357235,392527,enabling-factors-for-financing-and-implementing-postdisaster-operations,artifacts/artifact/img/611f7aa3-87ac-4671-b29b-d17f51425efd.jpg,working paper,false,Labeled as ADB Economics Working Paper Series,false
1357237,392515,postdisaster-subsidies-for-small-and-medium-firms,artifacts/artifact/img/9d7eeeb7-6c98-451f-abeb-c7de8033bfaf.jpg,working paper,false,Labeled as ADB Economics Working Paper Series,false
1357249,392498,state-ownership-and-nationalization-in-energy-sector,artifacts/artifact/img/1a7370fe-242f-4697-8b63-f20d7a2687d1.jpg,working paper,false,Labeled as ADBI Working Paper Series,false
1357257,392545,energy-security-in-pakistan,artifacts/artifact/img/2086eab6-c6e6-4b20-b212-2fe3f52a205d.jpg,working paper,false,Labeled as 'Working Paper Series' by ADB Institute,false
1357285,392577,highway-access-and-human-capital-investments-in-the-rural-regions-of-the-peoples-republic-of-china,artifacts/artifact/img/fb82338a-8147-47e3-b47e-a5140e557dbf.jpg,working paper,false,Labeled as a working paper from ADB Institute,false
1357301,392575,assessing-energy-security-in-the-caspian-region,artifacts/artifact/img/51145025-f9b3-4ec5-90a9-06b124584289.jpg,working paper,false,Labeled as ADBI Working Paper Series,false
1357302,392548,leveraging-sme-finance-through-value-chains-in-kazakhstan,artifacts/artifact/img/71c2d417-5311-48fc-a854-4ed88b0bb215.jpg,working paper,false,Labeled as ADBI Working Paper Series,false
1357313,392579,the-role-of-renewable-energy-in-resolving-energy-insecurity-in-asia,artifacts/artifact/img/5a770e7f-0181-4da1-bff9-7bc5d4cae9de.jpg,working paper,false,Labeled as a working paper from ADB Institute,false
1357336,392585,disaster-insurance-in-developing-asia,artifacts/artifact/img/81cf86f9-0fb6-4657-b6b8-001910c358b6.jpg,working paper,false,Labeled as a working paper series by ADB,false
1357338,392599,why-and-for-what-an-evidence-of-agriculture-credit-demand-among-rice-farmers-in-pakistan,artifacts/artifact/img/58f4b835-be3b-44df-b095-96f23c1a702f.jpg,working paper,false,Labeled as ADBI Working Paper Series,false
1357339,392601,reform-of-state-owned-enterprises-in-viet-nam-to-increase-performance-and-profit,artifacts/artifact/img/f6f6487c-9706-4b92-92c4-50cd5ad0430c.jpg,working paper,false,Labeled as a working paper by ADB Institute,false
1357341,392597,asian-development-review,artifacts/artifact/img/ef5bc87e-88a5-44a6-950e-84f307bde4ac.jpg,journal article,true,"Contains title, volume, issue number, and academic formatting",false
1357343,392616,empirical-analysis-of-global-oil-price-determinants-at-the-disaggregated-level-over-the-last-two-decades,artifacts/artifact/img/7ee357db-f1d8-4700-9bcb-bae766c273b4.jpg,working paper,false,Labeled as a working paper from ADB Institute,false
1357346,392617,guidebook-for-deploying-distributed-renewable-energy-systems,artifacts/artifact/img/5b2eba06-12bb-41e2-aaad-7465558c7cc6.jpg,guidebook,false,"Titled as a guidebook, not an academic journal article",false
1357347,392608,quality-infrastructure-and-natural-disaster-resiliency,artifacts/artifact/img/b7c33ca8-27d4-425a-a374-0c7c3ac31448.jpg,working paper,false,Labeled as 'Working Paper Series' by ADB Institute,false
1357368,392613,government-at-a-glance-southeast-asia-2019,artifacts/artifact/img/40d00fe0-132f-4f7b-b0cd-4202d9493697.jpg,report,false,Cover indicates a report by OECD and ADB.,false
1357396,392691,modeling-the-spatiotemporal-urban-spillover-effect-of-high-speed-rail-infrastructure-development,artifacts/artifact/img/84d7f557-4628-487d-bde5-72323ca2b6fd.jpg,working paper,false,Labeled as ADBI Working Paper Series,false
1357397,392695,industrial-specialization-or-diversity-how-high-speed-rail-fosters-japans-regional-agglomeration-economy,artifacts/artifact/img/57871dbe-823e-4279-b22b-f357a7e7fd0b.jpg,working paper,false,Labeled as ADBI Working Paper Series,false
1357400,392682,the-role-of-credit-guarantee-schemes-for-financing-msmes,artifacts/artifact/img/84bf1cc4-258b-4183-ab65-df60518d360a.jpg,working paper,false,Labeled as ADBI Working Paper Series,false
1357419,392693,russian-federationeast-asia-liquefied-natural-gas-trade-patterns-and-regional-energy-security,artifacts/artifact/img/f6f8ef77-cef3-4c34-abfd-f1a9cbaaf809.jpg,working paper,false,Labeled as a working paper from ADB Institute,false
1357426,392692,realizing-education-for-all-in-the-digital-age,artifacts/artifact/img/91b8d88b-627f-4899-ad69-0d3de256a7a2.png,report,false,Cover page of a report with logos and title,false
1357456,392734,big-data-based-peer-to-peer-lending-fintech,artifacts/artifact/img/7b0cafd0-838f-4f8b-a829-e2169ac2e2d9.jpg,working paper,false,Labeled as ADBI Working Paper Series,false
1357491,392759,services-and-manufacturing-in-global-value-chains,artifacts/artifact/img/9ab30ac3-7232-4770-9328-cc89c59a352b.jpg,working paper,false,Labeled as a working paper by ADB Institute,false
1357495,392756,womens-asset-ownership,artifacts/artifact/img/0fd1dc0d-e0a6-447c-8b34-0c70c63d8218.jpg,working paper,false,Labeled as working paper series by ADB,false
1357497,392780,potential-use-of-the-life-satisfaction-approach-to-value-nonmarket-goods-and-services,artifacts/artifact/img/c5efdbb0-caaa-4933-851d-b8528d432885.jpg,working paper,false,Labeled as working paper series by ADB,false
1357510,392781,trade-labor-share-and-productivity-in-indias-industries,artifacts/artifact/img/06ce81bb-c0b4-4855-94c0-3712d2e0983b.jpg,working paper,false,"Labeled as working paper, lacks journal article features",false
1357517,392790,credit-risk-analysis-of-small-and-medium-sized-enterprises-based-on-thai-data,artifacts/artifact/img/0da4507f-1bcc-430a-8cbf-28e017b53361.jpg,working paper,false,Labeled as a working paper from ADB Institute,false
1357525,392795,oil-price-fluctuations-creditworthiness-of-the-financial-system-and-sme-financing-in-kazakhstan,artifacts/artifact/img/f5b6206c-f9c5-4cd6-a9cc-5d41bdf72a6f.jpg,working paper,false,Labeled as ADBI Working Paper Series,false
1357526,392798,the-servicification-of-manufacturing-in-asia,artifacts/artifact/img/5c7d4f8d-73e0-48a2-b340-12d086678ba0.jpg,working paper,false,Labeled as ADBI Working Paper Series,false
1357536,392810,restrictiveness-of-services-trade-policy-and-the-sustainable-development-goals,artifacts/artifact/img/8bd81fc3-c3b8-4100-a42f-e72524fd7eef.jpg,working paper,false,Labeled as ADBI Working Paper Series,false
1357541,392829,impacts-of-fiscal-policy-on-green-technologies-transfer,artifacts/artifact/img/b55e2719-09de-42db-86ed-11187cb0c730.jpg,working paper,false,Labeled as a working paper from ADB Institute,false
1357543,392806,local-financial-development-access-to-credit-and-smes-performance,artifacts/artifact/img/4c50a518-2809-4110-85b2-ea36e873640b.jpg,working paper,false,Labeled as ADBI Working Paper Series,false
1357545,392775,asian-development-review,artifacts/artifact/img/feb61c79-9f91-455c-895b-5c5648dc4444.jpg,journal article,true,"Contains title, authors, and academic journal formatting",false
1357560,392817,what-explains-the-increase-in-the-labor-income-share-in-malaysia,artifacts/artifact/img/469421de-8b6c-447c-83f5-b78743513be0.jpg,working paper,false,Labeled as a working paper from ADB Institute,false
1357569,392824,a-comprehensive-method-for-the-credit-risk-assessment-of-small-and-medium-sized-enterprises-based-on-asian-data,artifacts/artifact/img/f5455c62-25b9-4c24-a0ad-a964216ed684.jpg,working paper,false,Labeled as ADBI Working Paper Series,false
1357571,392848,improving-paddy-rice-statistics-using-area-sampling-frame-technique,artifacts/artifact/img/f2fa77db-df50-40f2-a3c0-cab54e92897f.jpg,working paper,false,Labeled as working paper series by ADB,false
1357585,392876,the-role-of-fintech-in-unlocking-green-finance,artifacts/artifact/img/8b584fbb-a1a1-4131-b2fd-9ad5ab5a4105.jpg,working paper,false,Labeled as a working paper by ADB Institute,false
1357590,392865,impact-of-quantitative-easing-and-tax-policy-on-income-inequality,artifacts/artifact/img/5209a27b-8e83-4c44-abff-db35d034cd86.jpg,working paper,false,Labeled as a working paper from ADB Institute,false
1357605,392872,globalization-and-the-environment-in-india,artifacts/artifact/img/b13c7758-8515-4ea0-af66-0dd6430538ea.jpg,working paper,false,Labeled as a working paper from a research institute,false
1357619,392890,a-comparative-study-on-the-role-of-publicprivate-partnerships-and-green-investment-banks-in-boosting-low-carbon-investments,artifacts/artifact/img/dba4b534-6dc3-46e7-9ce2-c2c6e63d770b.jpg,working paper,false,Labeled as a working paper from ADB Institute,false
1357649,392897,asian-development-review,artifacts/artifact/img/12b53fbf-40f8-4a67-9876-eeb8a6928b8c.jpg,journal article,true,"Contains title, volume, issue number, and academic formatting",false
1357662,392926,hazard-analysis-on-publicprivate-partnership-projects-in-developing-asia,artifacts/artifact/img/1ee9f3c6-1661-4d9d-a956-5acda33dcf52.jpg,working paper,false,Labeled as working paper series by ADB,false
1357664,392940,stimulating-non-bank-financial-institutions-participation-in-green-investments,artifacts/artifact/img/07905eb7-60bc-42de-b5c7-871322c7878a.jpg,working paper,false,Labeled as a working paper from ADB Institute,false
1357669,392951,wealthy-but-unhealthy,artifacts/artifact/img/f7f50906-8574-45ff-8b43-42ac3bd8ada9.jpg,book,false,"Cover shows book title and editors, not journal article format",false
1357677,392957,fiscal-policy-conditions-for-government-budget-stability-and-economic-recovery,artifacts/artifact/img/9feeaec2-7c6c-4b86-a723-f992d43fbf65.jpg,working paper,false,Labeled as a working paper from ADB Institute,false
1357702,392972,constructing-the-asia-pacific-regional-cooperation-and-integration-index,artifacts/artifact/img/0a7f856b-d38e-477b-ad23-6f7606c669ef.jpg,working paper,false,Labeled as ADB Economics Working Paper Series,false
1357703,392986,financial-inclusion-financial-literacy-and-financial-education-in-georgia,artifacts/artifact/img/fbcad639-03d7-4376-bd9d-5a51bf0cbdbc.jpg,working paper,false,"Labeled as working paper, lacks journal article structure",false
1357705,392973,young-enterprises-and-bank-credit-denials,artifacts/artifact/img/89317d99-5074-47cb-bf52-d90374a29925.jpg,working paper,false,Labeled as ADBI Working Paper Series,false
1357710,392982,empirical-analysis-of-factors-influencing-price-of-solar-modules,artifacts/artifact/img/e4c1e1d9-484b-43af-b7b8-c399975b23f2.jpg,working paper,false,Labeled as a working paper from ADB Institute,false
1357713,393001,why-has-the-philippines-growth-performance-improved-from-disappointment-to-promising-success,artifacts/artifact/img/40d16ebe-35b9-4331-8084-5ec4ed25eb8f.jpg,working paper,false,Labeled as a working paper series by ADB,false
1357739,393006,the-impact-of-monetary-and-tax-policy-on-income-inequality-in-japan,artifacts/artifact/img/af1cc2c3-8364-4c10-b176-0718fe1ab638.jpg,working paper,false,"Labeled as working paper, lacks journal formatting",false
1357740,393012,measuring-rice-yield-from-space,artifacts/artifact/img/0871000e-32f7-44ee-979c-af9ae027a5d1.jpg,working paper,false,Labeled as working paper series by ADB,false
1357748,393021,volatility-linkages-between-energy-and-food-prices,artifacts/artifact/img/e3d7b520-1d3c-43b2-9a7d-9381f2e0e89b.jpg,working paper,false,Labeled as ADBI Working Paper Series,false
1357759,393041,gender-pay-gap,artifacts/artifact/img/4001d7ae-d0d3-4067-ae01-cc970d5d3f63.jpg,working paper,false,Labeled as a working paper series by ADB,false
1357765,393029,asian-development-review,artifacts/artifact/img/3dd24b5f-ebbc-43b8-9cfc-e2ae71046647.jpg,journal article,true,"Contains title, authors, and academic formatting",false
1357828,393093,consumption-and-productivity-adjusted-dependency-ratio-with-household-structure-heterogeneity,artifacts/artifact/img/b359d2e6-bf4c-4302-9454-bba62b4bee82.jpg,working paper,false,Labeled as working paper series by Asian Development Bank,false
1357840,393109,distributed-ledger-technologies-for-developing-asia,artifacts/artifact/img/1617cc01-c093-41fb-8e37-c71dcd885363.jpg,working paper,false,Labeled as ADB Economics Working Paper Series,false
1357957,393248,the-imminent-obesity-crisis-in-asia-and-the-pacific,artifacts/artifact/img/4215018b-7f7f-4791-923d-b25b68978c57.jpg,working paper,false,Labeled as a working paper from a research institute,false
1372854,403897,key-indicators-for-asia-and-the-pacific-2021-2023,artifacts/file/img/93f17c39-3f38-a13f-b9d4-717287b12996.png,technical report,false,Labeled as Technical Assistance Report by ADB,false
1372859,403901,preparation-of-the-integrated-perinatal-care-project,artifacts/file/img/84fda8a5-e29f-2057-e595-df3bb8a3924b.png,technical assistance report,false,Labeled as a technical assistance report by ADB,false
1373218,404295,economic-analysis-of-nature-based-solutions-in-flood-risk-management,artifacts/file/img/c03067c7-da02-d3e5-57c0-a815cb4e68e2.png,report,false,"Published by Asian Development Bank, typical of institutional reports",false
1373338,404281,assessing-design-standard-guidelines-and-sustainability-management-for-new-clark-city,artifacts/file/img/cb6d45a2-53ca-c22a-51af-171fd7900a8f.png,consultant's report,false,Labeled as Technical Assistance Consultant’s Report,false
1373644,404672,small-and-medium-sized-enterprise-financing-project,artifacts/file/img/85fdf271-bbf6-f2b0-aa71-6d395a1b44b5.png,report,false,Contains organizational branding and formal report structure,false
1374842,405874,challenges-and-opportunities-for-green-businesses-in-asia-and-the-pacific,artifacts/file/img/ae8d8889-c135-86c4-b540-5a8041b4e74e.png,consultant's report,false,Labeled as Technical Assistance Consultant's Report,false
1377260,408273,local-health-care-for-disadvantaged-areas-sector-development-program,artifacts/file/img/2bfd7783-44a4-b95b-5707-69a88f333b6a.png,report,false,"Published by Asian Development Bank, typical of institutional reports",false
1377370,408440,local-health-care-for-disadvantaged-areas-sector-development-program,artifacts/file/img/8ba11ce2-ed25-a38c-607e-dbeeaf1124c2.png,project administration manual,false,"Titled 'Project Administration Manual', lacks academic formatting",false
1391069,420454,canadian-student-review,artifacts/artifact/img/64c00ca9-0bbf-4d5b-b153-d6e5bec70975.jpg,magazine cover,false,Cover of a student review magazine with contest winners,false
1392658,421711,leaving-no-one-behind,artifacts/artifact/img/72ac6698-af56-40d4-838f-beebde08f0c3.jpg,report,false,"Cover image with organization logo and title, typical of reports",false
